timestamp,tgs2600,tgs2603,tgs2611,tgs2602,micsD,micsH,micsA,temp,humi
0,2567,801,211,1954,1796,2599,717,26502,19291
10,2564,799,210,1955,1795,2598,717,26502,19595
20,2564,799,212,1955,1794,2597,717,26510,19588
30,2564,799,212,1955,1794,2597,716,26494,19577
40,2564,799,212,1955,1793,2597,716,26502,19595
50,2564,799,212,1955,1793,2597,716,26518,19573
60,2564,799,212,1954,1793,2597,716,26510,19588
70,2564,799,212,1955,1793,2597,716,26494,19601
80,2564,799,212,1955,1793,2597,716,26510,19588
90,2564,799,212,1955,1793,2597,716,26494,19553
100,2564,799,212,1954,1793,2597,716,26478,19590
110,2564,799,212,1955,1793,2597,716,26518,19597
120,2564,799,212,1955,1793,2597,716,26510,19572
130,2564,799,212,1955,1793,2597,716,26510,19588
140,2564,799,212,1954,1793,2597,716,26486,19568
150,2564,799,212,1955,1793,2597,716,26494,19577
160,2564,799,212,1955,1793,2597,716,26494,19569
170,2564,799,212,1955,1793,2598,716,26510,19604
180,2564,799,212,1955,1793,2597,716,26494,19609
190,2564,799,212,1955,1793,2597,716,26526,19567
200,2560,799,212,1954,1793,2597,716,26534,19568
210,2557,799,212,1955,1794,2598,716,26518,19589
220,2555,799,212,1955,1794,2598,716,26534,19600
230,2554,799,212,1954,1794,2598,716,26478,19574
240,2553,798,212,1954,1793,2598,719,26502,19571
250,2553,798,212,1955,1792,2600,722,26502,19603
260,2553,798,212,1954,1793,2600,722,26518,19581
270,2553,798,212,1954,1793,2601,722,26518,19573
280,2553,798,212,1955,1793,2601,720,26518,19589
290,2553,798,212,1954,1792,2600,719,26494,19545
300,2553,798,212,1955,1792,2600,719,26486,19600
310,2553,798,212,1955,1793,2600,720,26486,19568
320,2553,798,212,1955,1793,2602,720,26502,19579
330,2554,798,212,1955,1794,2602,720,26510,19572
340,2553,799,212,1955,1794,2602,720,26526,19567
350,2554,798,212,1955,1793,2602,719,26510,19572
360,2554,798,212,1955,1792,2601,719,26518,19557
370,2554,798,212,1954,1793,2600,719,26534,19576
380,2554,798,212,1955,1794,2601,719,26510,19556
390,2554,799,212,1955,1795,2600,718,26518,19581
400,2554,798,212,1955,1796,2600,718,26502,19555
410,2554,799,212,1955,1795,2600,718,26518,19557
420,2554,799,212,1955,1795,2600,718,26518,19549
430,2554,799,212,1955,1795,2600,718,26526,19567
440,2554,799,212,1955,1795,2600,718,26526,19567
450,2555,798,212,1955,1795,2600,718,26510,19556
460,2554,799,212,1955,1796,2600,718,26534,19552
470,2555,799,212,1955,1796,2600,718,26526,19559
480,2555,799,212,1955,1796,2600,718,26502,19571
490,2555,798,212,1955,1796,2601,718,26494,19529
500,2555,798,212,1955,1796,2600,718,26486,19536
510,2555,799,212,1955,1796,2601,719,26510,19548
520,2555,798,212,1955,1796,2601,718,26534,19536
530,2555,799,212,1955,1797,2601,718,26510,19548
540,2555,798,212,1955,1797,2601,718,26550,19563
550,2555,798,212,1955,1797,2601,719,26526,19535
560,2555,798,212,1955,1797,2602,719,26510,19572
570,2555,798,212,1955,1797,2601,719,26502,19555
580,2556,799,212,1955,1797,2601,719,26526,19551
590,2556,798,212,1954,1797,2601,719,26510,19532
600,2556,798,212,1954,1798,2602,719,26510,19540
610,2556,798,212,1955,1798,2602,719,26502,19539
620,2556,799,212,1954,1798,2602,719,26486,19552
630,2556,799,212,1954,1798,2602,719,26502,19523
640,2556,798,212,1954,1797,2602,719,26494,19553
650,2556,798,212,1954,1799,2602,720,26502,19555
660,2556,798,212,1954,1798,2602,719,26518,19541
670,2556,798,212,1954,1798,2602,719,26510,19540
680,2556,798,212,1954,1798,2602,719,26526,19527
690,2556,799,212,1953,1798,2602,718,26526,19559
700,2556,798,212,1953,1797,2602,719,26502,19555
710,2556,798,212,1953,1798,2602,719,26526,19519
720,2556,799,212,1953,1798,2603,719,26510,19540
730,2556,799,212,1953,1798,2603,719,26510,19540
740,2556,799,212,1953,1798,2602,719,26534,19560
750,2556,799,212,1953,1798,2602,718,26558,19557
760,2556,799,212,1953,1798,2603,719,26526,19551
770,2556,799,212,1953,1798,2603,719,26502,19507
780,2557,798,212,1953,1798,2603,719,26502,19555
790,2556,798,212,1953,1799,2603,719,26518,19533
800,2556,798,212,1953,1798,2603,719,26526,19543
810,2557,798,212,1953,1799,2603,719,26550,19515
820,2557,798,212,1953,1799,2603,719,26502,19523
830,2557,798,212,1953,1799,2603,719,26526,19543
840,2557,798,212,1953,1799,2603,719,26510,19532
850,2557,798,212,1953,1799,2604,719,26502,19539
860,2556,798,212,1953,1800,2605,719,26518,19517
870,2557,798,212,1953,1801,2605,719,26534,19520
880,2557,798,212,1953,1802,2605,719,26558,19533
890,2557,798,212,1953,1802,2605,720,26550,19523
900,2557,798,212,1953,1802,2605,720,26526,19511
910,2557,798,212,1953,1802,2605,720,26518,19549
920,2557,798,212,1953,1802,2605,720,26542,19538
930,2557,798,212,1953,1802,2606,720,26478,19526
940,2557,798,212,1953,1802,2606,720,26518,19541
950,2557,798,212,1954,1803,2606,720,26510,19524
960,2557,798,212,1953,1803,2606,720,26542,19530
970,2557,798,212,1953,1803,2606,720,26550,19523
980,2557,798,212,1953,1803,2606,720,26518,19501
990,2558,798,212,1953,1803,2606,720,26542,19522
1000,2558,798,212,1953,1803,2606,720,26510,19492
1010,2558,798,212,1953,1803,2606,720,26494,19489
1020,2558,798,212,1953,1803,2606,720,26526,19527
1030,2558,798,212,1953,1803,2606,720,26510,19516
1040,2558,798,212,1953,1803,2606,720,26518,19525
1050,2558,798,212,1953,1803,2606,720,26502,19499
1060,2558,798,212,1953,1803,2606,720,26550,19515
1070,2558,798,212,1953,1803,2606,720,26478,19502
1080,2558,798,212,1953,1803,2606,720,26534,19496
1090,2558,798,212,1953,1804,2606,720,26526,19511
1100,2558,798,212,1953,1804,2606,720,26518,19533
1110,2558,798,212,1953,1804,2606,720,26518,19493
1120,2558,798,212,1953,1804,2606,720,26494,19481
1130,2558,798,212,1953,1804,2606,720,26518,19509
1140,2558,798,212,1953,1804,2606,721,26526,19511
1150,2558,798,212,1953,1804,2606,721,26518,19517
1160,2558,798,212,1953,1804,2606,720,26518,19501
1170,2558,798,212,1953,1804,2606,721,26526,19511
1180,2558,799,212,1953,1804,2606,721,26510,19500
1190,2558,798,212,1953,1804,2606,721,26558,19509
1200,2558,798,212,1953,1804,2606,721,26542,19514
1210,2558,798,212,1953,1804,2606,721,26526,19511
1220,2558,798,212,1953,1804,2606,721,26534,19520
1230,2559,798,212,1953,1804,2606,721,26486,19496
1240,2558,798,212,1953,1804,2606,721,26510,19516
1250,2559,798,212,1953,1804,2606,721,26534,19488
1260,2558,799,212,1953,1804,2606,721,26534,19480
1270,2559,798,212,1953,1804,2606,721,26502,19451
1280,2559,799,212,1953,1804,2606,721,26510,19492
1290,2558,799,212,1953,1804,2606,721,26518,19493
1300,2559,799,212,1953,1804,2606,721,26526,19495
1310,2559,799,212,1953,1804,2606,721,26494,19489
1320,2558,798,212,1953,1805,2606,721,26510,19468
1330,2559,798,212,1953,1805,2607,721,26510,19492
1340,2559,799,212,1953,1804,2606,721,26518,19485
1350,2559,798,212,1953,1805,2607,721,26510,19460
1360,2559,798,212,1953,1805,2607,721,26534,19480
1370,2558,798,212,1953,1805,2606,721,26486,19480
1380,2559,798,212,1953,1805,2607,721,26518,19477
1390,2559,798,212,1953,1805,2607,721,26526,19479
1400,2559,798,212,1953,1805,2606,721,26510,19492
1410,2559,798,212,1953,1805,2606,721,26550,19507
1420,2559,798,212,1953,1805,2607,721,26526,19487
1430,2559,798,212,1953,1805,2607,721,26518,19461
1440,2559,798,212,1953,1805,2607,721,26534,19464
1450,2559,798,212,1953,1805,2606,721,26518,19469
1460,2559,798,212,1953,1805,2606,721,26518,19469
1470,2559,798,212,1953,1805,2606,721,26510,19444
1480,2559,798,212,1953,1805,2606,721,26502,19467
1490,2559,798,212,1953,1805,2606,721,26510,19460
1500,2559,798,212,1953,1805,2607,721,26534,19456
1510,2559,798,212,1953,1805,2607,721,26526,19455
1520,2559,798,212,1953,1805,2607,721,26526,19463
1530,2559,798,212,1954,1805,2607,721,26526,19479
1540,2559,798,212,1954,1805,2607,721,26534,19472
1550,2559,798,212,1953,1805,2606,721,26526,19447
1560,2559,798,212,1953,1805,2607,721,26534,19480
1570,2559,798,212,1953,1805,2607,721,26534,19456
1580,2559,798,212,1953,1805,2607,721,26534,19464
1590,2559,798,212,1954,1805,2607,721,26534,19440
1600,2559,798,212,1953,1805,2607,721,26534,19456
1610,2559,798,212,1953,1805,2607,721,26518,19445
1620,2559,798,212,1954,1806,2607,721,26534,19472
1630,2559,798,212,1954,1805,2607,721,26518,19461
1640,2560,798,212,1953,1805,2607,721,26542,19474
1650,2560,798,212,1953,1806,2607,721,26502,19475
1660,2559,798,212,1954,1805,2607,721,26534,19472
1670,2559,798,212,1953,1805,2607,721,26510,19452
1680,2559,798,212,1954,1806,2607,721,26518,19461
1690,2560,798,212,1953,1806,2607,721,26534,19456
1700,2560,798,212,1953,1806,2607,721,26502,19459
1710,2560,798,212,1954,1806,2607,721,26510,19452
1720,2560,798,212,1953,1806,2607,721,26518,19445
1730,2560,798,212,1953,1806,2607,721,26502,19435
1740,2560,799,212,1953,1806,2607,721,26526,19447
1750,2560,798,212,1953,1806,2607,721,26510,19444
1760,2560,798,212,1953,1806,2607,721,26502,19443
1770,2560,798,212,1954,1806,2607,721,26502,19459
1780,2560,798,212,1954,1806,2607,721,26510,19428
1790,2560,798,212,1953,1806,2607,721,26518,19437
1800,2560,799,212,1953,1806,2607,721,26494,19425
1810,2560,798,212,1953,1806,2607,721,26550,19451
1820,2560,799,212,1953,1806,2607,721,26510,19436
1830,2560,798,212,1953,1806,2607,721,26502,19435
1840,2560,798,212,1954,1806,2607,721,26526,19447
1850,2560,798,212,1953,1806,2607,721,26526,19447
1860,2560,798,212,1954,1806,2607,721,26526,19463
1870,2560,798,212,1954,1806,2607,721,26550,19459
1880,2560,798,212,1953,1806,2607,721,26550,19459
1890,2560,799,212,1953,1806,2607,721,26526,19463
1900,2560,798,212,1954,1806,2607,721,26526,19439
1910,2560,798,212,1954,1806,2607,721,26518,19429
1920,2560,798,212,1954,1806,2607,721,26518,19453
1930,2560,798,212,1953,1806,2607,721,26502,19435
1940,2560,798,212,1953,1806,2607,721,26526,19439
1950,2560,798,212,1954,1806,2607,721,26502,19411
1960,2560,798,212,1954,1806,2607,721,26518,19405
1970,2560,798,212,1954,1806,2607,721,26534,19448
1980,2560,798,212,1954,1806,2607,722,26542,19410
1990,2560,798,212,1953,1806,2607,722,26510,19460
2000,2560,798,212,1954,1806,2607,722,26518,19445
2010,2561,798,212,1954,1806,2607,722,26534,19456
2020,2560,798,212,1954,1806,2607,721,26550,19411
2030,2560,798,212,1954,1806,2607,721,26542,19434
2040,2560,798,212,1954,1806,2607,722,26502,19419
2050,2561,798,212,1954,1806,2607,721,26526,19447
2060,2560,798,212,1954,1806,2607,721,26502,19443
2070,2561,798,212,1954,1806,2607,721,26518,19413
2080,2560,798,212,1954,1806,2607,721,26494,19425
2090,2561,798,212,1954,1806,2607,722,26510,19452
2100,2561,798,212,1953,1806,2607,722,26510,19428
2110,2561,798,212,1954,1806,2607,722,26502,19395
2120,2561,798,212,1954,1807,2607,721,26542,19402
2130,2561,798,212,1953,1806,2607,722,26518,19421
2140,2560,798,212,1954,1806,2607,722,26510,19428
2150,2561,798,212,1954,1806,2607,722,26526,19439
2160,2561,798,212,1954,1807,2607,722,26502,19435
2170,2561,798,212,1954,1807,2607,722,26526,19431
2180,2561,798,212,1954,1807,2607,722,26526,19399
2190,2561,798,212,1954,1807,2607,722,26526,19423
2200,2560,799,212,1954,1807,2607,722,26534,19408
2210,2561,798,212,1954,1807,2607,722,26526,19431
2220,2561,798,212,1954,1807,2607,722,26518,19429
2230,2561,798,212,1954,1807,2607,722,26526,19423
2240,2561,798,212,1954,1807,2607,722,26526,19423
2250,2561,798,212,1954,1807,2607,722,26510,19396
2260,2561,798,212,1954,1807,2607,722,26518,19429
2270,2561,798,212,1954,1807,2607,722,26542,19426
2280,2561,798,212,1954,1807,2607,722,26534,19432
2290,2561,798,212,1954,1807,2607,722,26510,19396
2300,2561,798,212,1954,1807,2607,722,26518,19397
2310,2561,798,212,1953,1807,2607,722,26534,19424
2320,2561,798,212,1954,1807,2607,722,26494,19409
2330,2561,798,212,1954,1807,2607,722,26542,19402
2340,2561,798,212,1954,1807,2607,722,26526,19399
2350,2561,798,212,1954,1807,2607,722,26534,19408
2360,2561,798,212,1953,1807,2607,722,26534,19416
2370,2561,798,212,1954,1807,2607,722,26526,19399
2380,2561,798,212,1954,1807,2607,722,26510,19396
2390,2561,798,212,1954,1807,2607,722,26526,19415
2400,2561,798,212,1954,1807,2607,722,26518,19413
2410,2561,799,212,1954,1807,2607,722,26526,19407
2420,2561,798,212,1954,1807,2607,722,26558,19421
2430,2561,798,212,1954,1807,2607,722,26518,19405
2440,2561,798,212,1954,1807,2607,722,26502,19403
2450,2561,798,212,1954,1807,2607,722,26510,19388
2460,2561,798,212,1954,1807,2607,722,26518,19389
2470,2561,798,212,1954,1807,2607,722,26534,19400
2480,2561,798,212,1954,1807,2607,722,26502,19403
2490,2561,798,212,1954,1807,2607,722,26534,19408
2500,2561,798,212,1954,1807,2607,722,26526,19423
2510,2561,798,212,1954,1807,2607,722,26526,19407
2520,2561,798,212,1954,1807,2607,722,26534,19408
2530,2561,798,212,1954,1807,2607,722,26542,19394
2540,2561,798,212,1954,1807,2607,722,26510,19412
2550,2561,798,212,1954,1807,2607,722,26534,19416
2560,2561,798,212,1954,1807,2607,722,26542,19402
2570,2561,798,212,1954,1807,2607,722,26534,19424
2580,2561,798,212,1954,1807,2607,722,26542,19410
2590,2562,798,212,1954,1807,2607,722,26518,19389
2600,2561,798,212,1954,1807,2607,722,26534,19408
2610,2561,798,212,1954,1807,2607,722,26518,19381
2620,2561,798,212,1954,1807,2607,722,26510,19412
2630,2561,798,212,1954,1807,2607,722,26542,19402
2640,2562,798,212,1954,1807,2607,722,26526,19399
2650,2561,798,212,1954,1807,2607,722,26534,19408
2660,2561,798,212,1954,1807,2607,722,26510,19380
2670,2561,798,212,1954,1807,2607,722,26502,19371
2680,2561,798,212,1954,1807,2607,722,26542,19378
2690,2561,798,212,1954,1807,2607,722,26534,19408
2700,2561,798,212,1954,1807,2607,722,26526,19399
2710,2562,798,212,1954,1807,2607,722,26550,19387
2720,2561,798,212,1954,1807,2607,722,26510,19380
2730,2561,798,212,1954,1807,2606,722,26510,19412
2740,2562,798,212,1954,1807,2607,722,26526,19391
2750,2562,798,212,1954,1807,2607,722,26518,19381
2760,2562,798,212,1954,1807,2606,722,26526,19383
2770,2562,798,212,1954,1807,2607,722,26502,19363
2780,2562,798,212,1954,1807,2607,722,26550,19371
2790,2562,798,212,1954,1807,2607,722,26518,19381
2800,2561,798,212,1954,1808,2607,722,26534,19384
2810,2562,798,212,1954,1807,2607,722,26510,19380
2820,2561,798,212,1954,1808,2607,722,26494,19377
2830,2562,798,212,1954,1807,2607,722,26542,19386
2840,2562,798,212,1954,1808,2607,722,26526,19399
2850,2562,798,212,1954,1808,2607,722,26510,19388
2860,2562,798,212,1954,1807,2607,722,26510,19404
2870,2562,798,212,1954,1808,2607,722,26534,19360
2880,2562,798,212,1954,1807,2607,722,26526,19359
2890,2562,798,212,1954,1808,2607,722,26518,19365
2900,2562,798,212,1954,1808,2607,722,26534,19376
2910,2562,798,212,1954,1808,2607,722,26502,19411
2920,2562,798,212,1954,1808,2607,722,26486,19368
2930,2562,798,212,1954,1808,2607,722,26518,19397
2940,2562,798,212,1954,1808,2607,722,26526,19391
2950,2562,798,212,1954,1808,2607,722,26518,19365
2960,2562,798,212,1954,1808,2607,722,26534,19392
2970,2562,798,212,1954,1808,2607,722,26518,19381
2980,2562,798,212,1954,1808,2607,722,26534,19376
2990,2562,798,212,1953,1808,2607,722,26534,19376
3000,2562,798,212,1954,1808,2607,722,26510,19396
3010,2562,798,212,1954,1808,2606,722,26510,19372
3020,2562,798,212,1954,1808,2607,722,26518,19405
3030,2562,798,212,1954,1808,2607,722,26510,19380
3040,2562,798,212,1954,1808,2607,722,26510,19388
3050,2562,798,212,1954,1808,2607,722,26542,19378
3060,2562,798,212,1954,1808,2607,722,26518,19373
3070,2562,798,212,1954,1808,2607,722,26550,19355
3080,2562,798,212,1954,1808,2607,722,26518,19405
3090,2562,798,212,1954,1808,2607,722,26558,19373
3100,2562,798,212,1954,1808,2607,722,26518,19373
3110,2562,798,212,1954,1808,2607,722,26526,19359
3120,2562,798,212,1954,1808,2607,722,26518,19365
3130,2562,798,212,1954,1808,2606,722,26510,19388
3140,2562,798,212,1954,1808,2607,722,26518,19373
3150,2562,798,212,1954,1808,2607,722,26534,19368
3160,2562,798,212,1954,1808,2607,722,26518,19365
3170,2562,798,212,1954,1808,2607,722,26518,19381
3180,2562,798,212,1954,1808,2607,722,26550,19379
3190,2562,798,212,1954,1808,2607,722,26526,19367
3200,2562,798,212,1954,1808,2606,722,26518,19357
3210,2562,798,212,1954,1808,2607,722,26526,19383
3220,2562,798,212,1954,1808,2607,722,26534,19384
3230,2562,798,212,1954,1808,2606,722,26542,19346
3240,2562,798,212,1954,1808,2607,722,26494,19369
3250,2562,798,212,1954,1808,2607,722,26510,19364
3260,2562,798,212,1954,1808,2607,722,26534,19360
3270,2562,798,212,1954,1808,2607,722,26542,19394
3280,2562,798,212,1954,1808,2606,722,26526,19375
3290,2562,798,212,1954,1808,2607,722,26550,19395
3300,2562,798,212,1954,1808,2607,722,26542,19378
3310,2562,798,212,1954,1808,2606,722,26542,19362
3320,2562,798,212,1954,1808,2607,722,26542,19362
3330,2562,798,212,1954,1808,2606,722,26534,19368
3340,2562,798,212,1954,1808,2606,722,26526,19343
3350,2562,798,212,1954,1808,2606,722,26518,19349
3360,2562,798,212,1954,1808,2606,722,26534,19384
3370,2562,798,212,1954,1808,2607,722,26494,19345
3380,2562,798,212,1954,1808,2606,722,26518,19349
3390,2562,798,212,1954,1808,2607,722,26486,19368
3400,2562,798,212,1954,1808,2607,722,26550,19363
3410,2562,798,212,1954,1808,2607,723,26542,19370
3420,2562,798,212,1954,1808,2606,722,26518,19365
3430,2562,798,212,1954,1808,2606,722,26542,19378
3440,2562,798,212,1954,1808,2606,722,26550,19339
3450,2562,798,212,1954,1808,2607,722,26542,19354
3460,2562,798,212,1954,1808,2607,722,26502,19355
3470,2562,798,212,1954,1808,2606,722,26518,19349
3480,2562,798,212,1954,1808,2606,722,26510,19356
3490,2562,798,212,1954,1808,2606,722,26534,19360
3500,2562,798,212,1954,1808,2606,722,26518,19373
3510,2562,798,212,1954,1808,2606,722,26526,19391
3520,2562,798,212,1954,1808,2607,722,26542,19370
3530,2562,798,212,1954,1808,2606,723,26542,19354
3540,2562,798,212,1954,1808,2607,722,26542,19354
3550,2562,798,212,1954,1808,2606,723,26542,19354
3560,2562,798,212,1954,1808,2606,722,26510,19364
3570,2562,798,212,1954,1808,2606,722,26518,19357
3580,2562,798,212,1954,1808,2606,722,26518,19333
3590,2562,798,212,1954,1808,2607,722,26510,19356
3600,2562,798,212,1954,1808,2606,722,26534,19352
3610,2562,798,212,1954,1808,2606,722,26534,19368
3620,2562,798,212,1954,1808,2606,723,26510,19372
3630,2562,798,212,1954,1808,2606,723,26502,19371
3640,2562,798,212,1954,1808,2606,723,26526,19319
3650,2562,798,212,1954,1808,2607,722,26526,19359
3660,2562,798,212,1954,1808,2606,723,26510,19340
3670,2562,798,212,1954,1808,2606,723,26542,19354
3680,2562,798,212,1954,1808,2606,722,26534,19360
3690,2562,798,212,1954,1808,2606,723,26534,19360
3700,2562,798,212,1954,1808,2606,723,26526,19351
3710,2562,798,212,1954,1808,2606,723,26534,19320
3720,2562,798,212,1954,1808,2606,723,26534,19376
3730,2562,798,212,1954,1808,2606,723,26502,19347
3740,2562,798,212,1954,1808,2606,723,26518,19365
3750,2562,798,212,1954,1808,2606,723,26550,19371
3760,2562,798,212,1954,1808,2606,723,26550,19371
3770,2562,798,212,1954,1808,2606,723,26518,19381
3780,2562,798,212,1954,1808,2606,723,26518,19349
3790,2562,798,212,1954,1808,2606,723,26510,19348
3800,2562,798,212,1954,1808,2606,723,26518,19341
3810,2562,798,212,1954,1808,2606,723,26518,19365
3820,2562,798,212,1954,1808,2606,723,26518,19341
3830,2562,798,212,1955,1808,2606,723,26518,19357
3840,2562,798,212,1954,1808,2606,723,26494,19345
3850,2562,798,212,1954,1808,2606,723,26486,19360
3860,2562,798,212,1954,1808,2606,723,26542,19338
3870,2562,798,212,1954,1808,2606,723,26550,19347
3880,2562,798,212,1955,1808,2606,723,26526,19359
3890,2562,798,212,1954,1808,2606,723,26518,19349
3900,2562,798,212,1954,1808,2606,723,26542,19330
3910,2562,798,212,1954,1808,2606,723,26526,19335
3920,2562,798,212,1954,1808,2606,723,26502,19355
3930,2562,798,212,1954,1808,2606,723,26534,19368
3940,2562,798,212,1954,1808,2606,723,26542,19346
3950,2562,798,212,1954,1808,2606,723,26526,19327
3960,2562,798,212,1954,1808,2606,723,26534,19328
3970,2562,798,212,1954,1808,2606,723,26542,19354
3980,2562,798,212,1954,1808,2606,723,26550,19363
3990,2562,798,212,1954,1808,2606,723,26526,19343
4000,2562,798,212,1954,1808,2606,723,26542,19346
4010,2562,798,212,1954,1808,2606,723,26518,19333
4020,2562,798,212,1954,1808,2606,723,26510,19340
4030,2562,798,212,1954,1808,2606,723,26526,19335
4040,2562,798,212,1954,1808,2606,723,26542,19354
4050,2562,798,212,1954,1808,2606,723,26502,19355
4060,2562,798,212,1954,1808,2606,723,26526,19351
4070,2562,798,212,1954,1808,2606,723,26510,19348
4080,2562,798,212,1954,1808,2606,723,26550,19363
4090,2562,798,212,1954,1808,2606,723,26534,19328
4100,2562,798,212,1954,1808,2606,723,26542,19338
4110,2562,798,212,1954,1808,2606,723,26542,19354
4120,2562,798,212,1954,1808,2606,723,26502,19339
4130,2562,798,212,1954,1808,2606,723,26534,19344
4140,2562,798,212,1954,1808,2606,723,26542,19330
4150,2562,798,212,1954,1808,2606,723,26526,19335
4160,2562,798,212,1954,1808,2606,723,26518,19341
4170,2562,798,212,1954,1808,2606,723,26526,19335
4180,2562,798,212,1954,1808,2606,723,26510,19324
4190,2562,798,212,1954,1808,2606,723,26526,19335
4200,2562,798,212,1954,1808,2606,723,26518,19325
4210,2562,798,212,1954,1808,2606,723,26510,19340
4220,2562,798,212,1954,1808,2606,723,26526,19359
4230,2562,798,212,1954,1808,2606,723,26518,19349
4240,2562,798,212,1954,1808,2606,723,26510,19340
4250,2562,798,212,1954,1808,2606,723,26550,19315
4260,2562,798,212,1954,1808,2606,723,26518,19317
4270,2562,798,212,1954,1808,2606,723,26550,19347
4280,2562,798,212,1954,1808,2606,723,26494,19313
4290,2562,798,212,1954,1808,2606,723,26526,19319
4300,2562,798,212,1954,1808,2606,723,26502,19355
4310,2562,798,212,1954,1808,2606,723,26502,19339
4320,2562,798,212,1954,1808,2606,723,26518,19349
4330,2562,798,212,1954,1808,2606,723,26502,19339
4340,2562,798,212,1954,1808,2606,723,26518,19317
4350,2562,798,212,1954,1808,2606,723,26494,19337
4360,2562,798,212,1954,1808,2606,723,26534,19336
4370,2562,798,212,1954,1808,2606,723,26510,19324
4380,2562,798,212,1954,1808,2606,723,26518,19309
4390,2562,798,212,1954,1808,2606,723,26550,19339
4400,2562,798,212,1954,1808,2606,723,26518,19317
4410,2562,798,212,1954,1808,2606,723,26534,19336
4420,2562,798,212,1954,1808,2606,723,26510,19316
4430,2562,798,212,1954,1808,2606,723,26518,19357
4440,2562,798,212,1954,1808,2606,723,26518,19317
4450,2562,798,212,1954,1808,2606,723,26518,19333
4460,2562,798,212,1954,1808,2606,723,26542,19330
4470,2562,798,212,1954,1808,2606,723,26518,19341
4480,2562,798,212,1954,1808,2606,723,26526,19311
4490,2562,798,212,1954,1808,2606,723,26518,19341
4500,2562,798,212,1954,1808,2606,723,26534,19328
4510,2561,798,212,1954,1808,2606,723,26518,19325
4520,2561,798,212,1954,1808,2606,723,26558,19341
4530,2562,798,212,1955,1808,2606,723,26526,19335
4540,2562,798,212,1954,1808,2606,723,26526,19311
4550,2562,798,212,1954,1808,2606,723,26550,19331
4560,2562,798,212,1955,1808,2606,723,26518,19309
4570,2562,798,212,1954,1808,2606,723,26510,19324
4580,2562,798,212,1955,1808,2606,723,26542,19346
4590,2562,798,212,1954,1808,2606,723,26542,19330
4600,2561,798,212,1954,1808,2606,723,26502,19339
4610,2562,798,212,1954,1808,2606,723,26510,19332
4620,2562,798,212,1954,1808,2606,723,26518,19341
4630,2562,798,212,1954,1808,2606,723,26542,19354
4640,2561,798,212,1954,1808,2606,723,26534,19312
4650,2562,798,212,1954,1808,2606,723,26550,19339
4660,2562,798,212,1954,1808,2606,723,26510,19316
4670,2561,798,212,1954,1808,2606,723,26534,19328
4680,2561,798,212,1954,1808,2606,723,26494,19321
4690,2561,798,212,1954,1808,2606,723,26526,19319
4700,2562,798,212,1954,1808,2606,723,26542,19330
4710,2562,798,212,1954,1808,2606,723,26526,19335
4720,2562,798,212,1954,1808,2606,723,26502,19315
4730,2561,798,212,1954,1808,2606,723,26518,19333
4740,2562,798,212,1954,1808,2606,723,26502,19323
4750,2562,798,212,1954,1808,2606,723,26526,19335
4760,2561,798,212,1954,1808,2606,723,26542,19314
4770,2562,798,212,1954,1808,2606,723,26518,19317
4780,2561,798,212,1954,1808,2606,723,26550,19331
4790,2562,798,212,1954,1808,2606,723,26526,19335
4800,2562,798,212,1954,1808,2606,723,26534,19328
4810,2562,798,212,1954,1808,2606,723,26542,19330
4820,2562,798,212,1954,1808,2606,723,26534,19304
4830,2561,798,212,1954,1808,2606,723,26534,19352
4840,2562,798,212,1954,1808,2606,723,26534,19320
4850,2561,798,212,1955,1808,2606,723,26526,19319
4860,2562,798,212,1954,1808,2606,723,26558,19325
4870,2561,798,212,1954,1808,2606,723,26518,19333
4880,2561,798,212,1954,1808,2606,723,26550,19315
4890,2562,798,212,1954,1808,2606,723,26526,19303
4900,2561,798,212,1954,1808,2606,723,26550,19315
4910,2561,798,212,1954,1808,2606,723,26510,19316
4920,2561,798,212,1955,1808,2606,723,26534,19320
4930,2561,798,212,1954,1808,2606,723,26526,19311
4940,2562,798,212,1954,1808,2606,723,26518,19325
4950,2561,798,212,1954,1808,2606,723,26510,19308
4960,2561,798,212,1954,1808,2606,723,26542,19330
4970,2561,798,212,1954,1808,2605,723,26534,19320
4980,2561,798,212,1954,1808,2605,723,26550,19315
4990,2561,798,212,1954,1808,2605,723,26534,19344
5000,2561,798,212,1955,1808,2606,723,26526,19319
5010,2562,798,212,1954,1808,2606,723,26534,19312
5020,2562,798,212,1954,1808,2605,723,26526,19327
5030,2561,798,212,1954,1808,2605,723,26542,19330
5040,2562,798,212,1954,1808,2605,723,26518,19325
5050,2561,798,212,1954,1808,2606,723,26526,19319
5060,2561,798,212,1954,1808,2605,723,26510,19292
5070,2561,798,212,1954,1808,2605,723,26534,19336
5080,2561,798,212,1954,1808,2606,723,26510,19308
5090,2561,798,212,1954,1808,2605,723,26534,19328
5100,2562,798,212,1954,1808,2605,723,26518,19317
5110,2561,798,212,1954,1808,2605,723,26550,19323
5120,2561,798,212,1954,1808,2606,723,26534,19296
5130,2562,798,212,1954,1808,2605,723,26518,19293
5140,2561,798,212,1954,1808,2605,723,26518,19317
5150,2561,798,212,1954,1808,2605,723,26510,19300
5160,2561,798,212,1954,1808,2605,723,26510,19316
5170,2561,798,212,1954,1808,2605,723,26534,19320
5180,2561,798,212,1954,1808,2605,723,26534,19320
5190,2561,798,212,1954,1808,2605,723,26542,19314
5200,2561,798,212,1954,1808,2605,723,26542,19338
5210,2561,798,212,1954,1808,2605,723,26526,19319
5220,2561,798,212,1954,1808,2605,723,26542,19306
5230,2561,798,212,1954,1808,2605,723,26534,19320
5240,2561,798,212,1954,1808,2606,723,26510,19308
5250,2561,798,212,1954,1808,2605,723,26542,19322
5260,2561,798,212,1954,1808,2605,723,26510,19324
5270,2561,798,212,1955,1808,2605,723,26526,19295
5280,2561,798,212,1954,1808,2605,723,26510,19300
5290,2561,798,212,1954,1808,2605,723,26518,19285
5300,2561,798,212,1954,1808,2605,723,26558,19301
5310,2561,798,212,1954,1808,2605,724,26526,19311
5320,2561,798,212,1955,1808,2605,723,26542,19322
5330,2561,798,212,1954,1807,2605,723,26550,19315
5340,2561,798,212,1954,1808,2605,723,26494,19297
5350,2561,798,212,1955,1808,2605,723,26502,19299
5360,2561,798,212,1954,1808,2605,723,26526,19279
5370,2561,798,212,1954,1808,2605,724,26518,19309
5380,2561,798,212,1954,1808,2605,723,26518,19301
5390,2561,798,212,1954,1808,2605,723,26542,19330
5400,2561,798,212,1954,1808,2605,723,26518,19301
5410,2561,799,212,1954,1808,2605,723,26534,19304
5420,2561,798,212,1954,1808,2605,723,26518,19293
5430,2561,798,212,1954,1808,2605,723,26502,19307
5440,2561,798,212,1954,1807,2605,723,26526,19303
5450,2561,798,212,1954,1808,2605,723,26518,19293
5460,2561,798,212,1954,1807,2605,723,26534,19304
5470,2561,798,212,1954,1808,2605,724,26518,19317
5480,2561,798,212,1954,1807,2605,723,26542,19314
5490,2561,798,212,1954,1807,2605,724,26542,19330
5500,2561,799,212,1954,1808,2605,723,26542,19330
5510,2561,798,212,1954,1807,2605,723,26534,19328
5520,2561,798,212,1954,1808,2605,724,26518,19301
5530,2561,798,212,1954,1807,2605,723,26518,19293
5540,2561,798,212,1954,1808,2605,724,26518,19309
5550,2561,798,212,1954,1807,2605,724,26526,19327
5560,2561,798,212,1954,1807,2605,723,26534,19304
5570,2561,798,212,1954,1808,2605,724,26526,19295
5580,2561,798,212,1954,1807,2605,724,26534,19312
5590,2561,798,212,1954,1807,2605,724,26510,19292
5600,2561,799,212,1954,1807,2605,723,26518,19301
5610,2560,799,212,1955,1807,2605,724,26534,19304
5620,2561,798,212,1955,1807,2605,724,26526,19319
5630,2561,798,212,1954,1807,2605,724,26526,19303
5640,2561,798,212,1954,1807,2605,724,26526,19303
5650,2560,798,212,1954,1807,2605,724,26486,19264
5660,2561,798,212,1954,1807,2605,724,26494,19297
5670,2561,798,212,1954,1807,2605,724,26542,19322
5680,2561,799,212,1954,1807,2605,723,26518,19317
5690,2561,799,212,1954,1807,2605,724,26534,19320
5700,2561,798,212,1954,1807,2605,723,26518,19293
5710,2561,798,212,1954,1807,2605,724,26502,19275
5720,2561,799,212,1954,1807,2605,724,26510,19300
5730,2561,798,212,1954,1807,2605,724,26542,19306
5740,2561,798,212,1954,1807,2605,724,26526,19303
5750,2561,799,212,1954,1807,2605,724,26526,19287
5760,2561,799,212,1954,1807,2605,724,26550,19323
5770,2561,798,212,1954,1807,2605,724,26534,19304
5780,2561,799,212,1954,1807,2605,724,26526,19311
5790,2561,798,212,1954,1807,2605,724,26550,19291
5800,2561,798,212,1954,1807,2605,724,26510,19324
5810,2561,799,212,1954,1807,2605,724,26510,19300
5820,2560,799,212,1954,1807,2605,724,26566,19318
5830,2561,798,212,1954,1807,2605,724,26510,19300
5840,2560,799,212,1954,1807,2605,724,26534,19320
5850,2561,799,212,1954,1807,2605,724,26534,19304
5860,2561,799,212,1954,1807,2605,724,26502,19315
5870,2561,798,212,1954,1807,2605,724,26558,19293
5880,2561,798,212,1954,1807,2605,724,26526,19311
5890,2561,798,212,1955,1807,2605,724,26558,19309
5900,2561,798,212,1954,1807,2605,724,26526,19303
5910,2561,798,212,1954,1807,2605,724,26542,19298
5920,2561,798,212,1954,1807,2605,724,26542,19314
5930,2560,799,212,1954,1807,2605,724,26542,19290
5940,2560,798,212,1954,1807,2605,724,26526,19303
5950,2561,798,212,1954,1807,2605,724,26526,19319
5960,2561,798,212,1954,1807,2605,724,26510,19324
5970,2560,799,212,1954,1807,2605,724,26510,19276
5980,2560,798,212,1954,1807,2605,724,26518,19293
5990,2560,798,212,1954,1807,2605,724,26510,19300
6000,2560,799,212,1954,1807,2605,724,26542,19290
6010,2560,798,212,1954,1807,2605,724,26518,19285
6020,2560,798,212,1954,1807,2605,724,26510,19268
6030,2561,798,212,1954,1807,2605,724,26550,19299
6040,2560,798,212,1954,1807,2605,724,26550,19291
6050,2560,798,212,1954,1807,2605,724,26502,19275
6060,2560,798,212,1954,1807,2605,724,26534,19272
6070,2560,799,212,1954,1807,2605,724,26542,19306
6080,2560,799,212,1954,1807,2605,724,26518,19277
6090,2560,799,212,1954,1807,2605,724,26542,19314
6100,2561,798,212,1955,1807,2605,724,26534,19304
6110,2560,799,212,1954,1807,2605,724,26550,19315
6120,2561,799,212,1955,1807,2605,724,26486,19288
6130,2560,799,212,1954,1807,2605,724,26510,19284
6140,2560,799,212,1954,1807,2605,724,26518,19269
6150,2560,799,212,1954,1807,2605,724,26534,19296
6160,2560,799,212,1954,1807,2605,724,26518,19301
6170,2560,799,212,1954,1807,2605,724,26518,19269
6180,2560,799,212,1954,1807,2605,724,26534,19296
6190,2560,798,212,1954,1807,2605,724,26518,19277
6200,2560,798,212,1954,1807,2605,724,26502,19275
6210,2560,798,212,1954,1807,2605,724,26542,19314
6220,2560,799,212,1954,1807,2605,724,26534,19304
6230,2560,798,212,1954,1807,2605,724,26518,19293
6240,2560,798,212,1954,1807,2605,724,26542,19282
6250,2560,798,212,1954,1807,2605,724,26526,19303
6260,2560,798,212,1954,1807,2605,724,26510,19276
6270,2560,798,212,1954,1807,2605,724,26526,19279
6280,2560,799,212,1954,1807,2605,724,26518,19293
6290,2560,798,212,1954,1807,2605,724,26526,19287
6300,2560,798,212,1955,1807,2605,724,26542,19306
6310,2560,798,212,1954,1807,2605,724,26526,19295
6320,2560,799,212,1954,1807,2605,724,26502,19291
6330,2560,798,212,1954,1807,2605,724,26526,19303
6340,2560,798,212,1954,1807,2605,724,26534,19296
6350,2560,798,212,1954,1807,2605,724,26550,19323
6360,2560,798,212,1954,1807,2605,724,26526,19271
6370,2560,798,212,1955,1807,2605,724,26502,19275
6380,2560,798,212,1954,1807,2605,724,26502,19275
6390,2560,798,212,1954,1807,2605,724,26550,19291
6400,2560,798,212,1954,1807,2604,724,26526,19303
6410,2560,798,212,1954,1807,2605,724,26510,19292
6420,2560,798,212,1954,1807,2605,724,26518,19285
6430,2560,799,212,1954,1807,2605,724,26534,19296
6440,2560,798,212,1954,1807,2605,724,26534,19312
6450,2560,798,212,1954,1807,2605,724,26510,19292
6460,2560,798,212,1954,1806,2605,724,26542,19290
6470,2560,798,212,1954,1807,2605,724,26534,19288
6480,2560,798,212,1954,1807,2605,724,26518,19261
6490,2560,798,212,1954,1807,2605,724,26534,19288
6500,2560,798,212,1954,1806,2605,724,26534,19280
6510,2560,798,212,1954,1807,2605,724,26486,19280
6520,2560,798,212,1954,1806,2605,724,26518,19293
6530,2560,798,212,1955,1807,2604,724,26502,19291
6540,2560,798,212,1954,1807,2605,724,26510,19292
6550,2560,799,212,1954,1807,2605,724,26534,19304
6560,2560,799,212,1954,1806,2605,724,26518,19309
6570,2560,798,212,1954,1807,2604,724,26510,19300
6580,2560,798,212,1954,1806,2605,724,26558,19293
6590,2560,799,212,1954,1807,2605,724,26526,19295
6600,2560,798,212,1954,1806,2605,724,26534,19272
6610,2560,799,212,1954,1806,2605,724,26534,19304
6620,2560,799,212,1954,1806,2605,724,26542,19298
6630,2560,799,212,1954,1806,2605,724,26558,19309
6640,2560,798,212,1955,1806,2605,724,26550,19275
6650,2560,799,212,1954,1806,2605,724,26510,19284
6660,2560,799,212,1954,1806,2605,724,26518,19293
6670,2560,799,212,1954,1806,2605,724,26542,19290
6680,2560,798,212,1954,1807,2604,724,26518,19293
6690,2560,799,212,1955,1806,2605,724,26558,19301
6700,2560,798,212,1954,1806,2605,724,26550,19307
6710,2560,799,212,1954,1806,2605,724,26518,19285
6720,2560,798,212,1954,1806,2605,724,26518,19277
6730,2560,798,212,1954,1806,2604,724,26526,19263
6740,2560,799,212,1954,1806,2605,724,26526,19303
6750,2560,799,212,1954,1806,2604,724,26502,19291
6760,2560,798,212,1954,1806,2605,724,26534,19272
6770,2560,799,212,1954,1806,2604,724,26494,19289
6780,2560,798,212,1954,1806,2605,724,26526,19287
6790,2560,799,212,1954,1806,2605,724,26534,19296
6800,2560,799,212,1954,1806,2604,724,26534,19304
6810,2559,798,212,1954,1806,2604,724,26518,19285
6820,2560,799,212,1954,1806,2605,724,26518,19277
6830,2560,798,212,1954,1806,2605,724,26518,19301
6840,2560,799,212,1954,1806,2604,724,26526,19287
6850,2559,799,212,1954,1806,2604,724,26566,19294
6860,2559,798,212,1954,1806,2604,724,26518,19293
6870,2559,798,212,1954,1806,2604,724,26518,19269
6880,2560,799,212,1954,1806,2604,724,26534,19288
6890,2559,799,212,1954,1806,2604,724,26550,19299
6900,2559,798,212,1954,1806,2604,724,26534,19304
6910,2559,798,212,1954,1806,2604,724,26502,19275
6920,2559,799,212,1954,1806,2605,724,26558,19285
6930,2559,798,212,1954,1806,2604,724,26518,19293
6940,2559,799,212,1954,1806,2604,724,26526,19303
6950,2559,798,212,1954,1806,2605,724,26526,19287
6960,2559,798,212,1954,1806,2604,724,26542,19298
6970,2559,798,212,1954,1806,2604,724,26494,19281
6980,2559,798,212,1954,1806,2604,724,26510,19276
6990,2560,798,212,1954,1806,2604,724,26534,19288
7000,2559,798,212,1954,1806,2604,724,26534,19288
7010,2559,798,212,1954,1806,2604,724,26478,19302
7020,2559,798,212,1954,1806,2605,724,26526,19271
7030,2559,798,212,1954,1806,2604,724,26518,19269
7040,2559,798,212,1954,1806,2604,724,26534,19280
7050,2559,799,212,1954,1806,2604,724,26526,19279
7060,2559,799,212,1954,1806,2604,724,26534,19304
7070,2559,798,212,1954,1806,2604,724,26542,19298
7080,2559,798,212,1954,1806,2604,724,26518,19293
7090,2559,798,212,1954,1806,2605,724,26518,19269
7100,2559,798,212,1954,1806,2604,724,26534,19256
7110,2559,799,212,1954,1806,2604,724,26526,19271
7120,2559,799,212,1954,1806,2604,724,26534,19288
7130,2559,799,212,1954,1806,2604,724,26518,19277
7140,2559,799,212,1954,1806,2604,724,26542,19306
7150,2559,799,212,1954,1806,2604,724,26550,19283
7160,2559,798,212,1954,1806,2604,724,26534,19296
7170,2559,799,212,1954,1806,2604,724,26494,19289
7180,2559,799,212,1954,1806,2604,724,26526,19295
7190,2559,799,212,1954,1806,2604,724,26526,19295
7200,2559,799,212,1954,1806,2604,724,26510,19284
7210,2559,798,212,1954,1806,2604,724,26494,19281
7220,2559,798,212,1954,1806,2604,724,26542,19298
7230,2559,798,212,1954,1806,2604,724,26502,19283
7240,2559,798,212,1954,1806,2604,724,26534,19272
7250,2559,799,212,1954,1806,2604,724,26502,19283
7260,2559,799,212,1954,1806,2604,724,26542,19290
7270,2559,799,212,1954,1806,2604,724,26502,19307
7280,2559,798,212,1954,1805,2604,724,26510,19284
7290,2559,798,212,1954,1806,2604,724,26534,19280
7300,2559,798,212,1954,1806,2604,725,26550,19267
7310,2559,799,212,1954,1806,2604,725,26510,19276
7320,2559,798,212,1954,1806,2604,724,26558,19293
7330,2559,799,212,1954,1806,2604,725,26526,19295
7340,2559,798,212,1954,1805,2604,724,26542,19290
7350,2559,799,212,1954,1805,2604,725,26510,19276
7360,2559,798,212,1954,1805,2604,725,26502,19259
7370,2559,798,212,1954,1805,2604,724,26510,19268
7380,2559,799,212,1954,1805,2604,724,26526,19271
7390,2559,798,212,1954,1805,2604,725,26510,19300
7400,2559,798,212,1954,1805,2604,725,26526,19279
7410,2559,799,212,1954,1805,2604,725,26510,19252
7420,2559,799,212,1954,1806,2604,724,26510,19268
7430,2559,798,212,1954,1805,2604,724,26534,19256
7440,2559,799,212,1954,1805,2604,725,26502,19283
7450,2559,799,212,1954,1805,2604,725,26510,19284
7460,2559,798,212,1954,1805,2604,725,26526,19279
7470,2559,798,212,1954,1805,2604,725,26518,19261
7480,2559,799,212,1954,1805,2604,725,26534,19320
7490,2559,798,212,1954,1805,2604,724,26526,19279
7500,2559,798,212,1954,1805,2604,725,26542,19266
7510,2559,798,212,1954,1805,2604,724,26494,19273
7520,2559,798,212,1954,1805,2604,725,26534,19288
7530,2559,799,212,1954,1805,2604,725,26518,19269
7540,2559,799,212,1954,1805,2604,725,26518,19277
7550,2559,798,212,1954,1805,2604,725,26526,19255
7560,2559,799,212,1954,1805,2604,725,26518,19285
7570,2558,799,212,1954,1805,2604,725,26526,19287
7580,2559,799,212,1954,1805,2604,725,26550,19283
7590,2558,799,212,1955,1805,2604,725,26518,19269
7600,2558,799,212,1954,1805,2604,725,26526,19287
7610,2559,799,212,1954,1805,2604,725,26526,19287
7620,2558,799,212,1954,1805,2604,725,26502,19283
7630,2559,799,212,1954,1805,2604,725,26550,19307
7640,2559,799,212,1954,1805,2604,725,26510,19284
7650,2558,799,212,1954,1805,2604,725,26502,19275
7660,2559,798,212,1954,1805,2604,725,26542,19250
7670,2558,799,212,1954,1805,2604,725,26486,19272
7680,2559,798,212,1954,1805,2604,725,26534,19280
7690,2559,798,212,1954,1805,2604,725,26534,19272
7700,2559,798,212,1954,1805,2604,725,26526,19287
7710,2558,798,212,1954,1805,2604,725,26502,19283
7720,2558,799,212,1954,1805,2604,725,26518,19285
7730,2558,798,212,1954,1805,2604,725,26518,19261
7740,2559,799,212,1954,1805,2604,725,26542,19306
7750,2558,799,212,1954,1805,2604,725,26534,19280
7760,2558,799,212,1954,1805,2604,725,26518,19285
7770,2558,798,212,1954,1805,2604,725,26518,19261
7780,2558,798,212,1954,1805,2604,725,26502,19275
7790,2558,799,212,1954,1805,2604,725,26518,19269
7800,2558,798,212,1954,1805,2604,725,26526,19287
7810,2558,798,212,1954,1805,2604,725,26534,19272
7820,2558,799,212,1954,1805,2604,725,26534,19296
7830,2558,798,212,1954,1805,2604,725,26518,19285
7840,2558,798,212,1954,1805,2604,725,26526,19287
7850,2559,798,212,1954,1805,2604,725,26542,19298
7860,2558,798,212,1954,1805,2604,725,26534,19272
7870,2558,798,212,1954,1805,2604,725,26510,19284
7880,2558,799,212,1954,1805,2604,725,26518,19293
7890,2558,799,212,1954,1805,2604,725,26518,19285
7900,2558,798,212,1954,1805,2604,725,26518,19285
7910,2558,799,212,1954,1805,2604,725,26502,19275
7920,2558,798,212,1954,1805,2604,725,26478,19278
7930,2558,798,212,1954,1805,2604,725,26534,19272
7940,2558,798,212,1954,1805,2604,725,26542,19290
7950,2558,798,212,1954,1805,2604,725,26526,19287
7960,2558,799,212,1954,1805,2604,725,26526,19287
7970,2558,799,212,1954,1805,2604,725,26534,19280
7980,2558,798,212,1954,1805,2604,725,26518,19269
7990,2558,800,212,1954,1806,2606,725,26502,19259
8000,2557,798,212,1953,1803,2602,724,26550,19267
8010,2557,798,212,1953,1801,2601,723,26542,19282
8020,2557,798,212,1953,1798,2600,722,26526,19263
8030,2557,798,212,1953,1797,2600,722,26502,19315
8040,2557,798,212,1953,1796,2600,721,26502,19283
8050,2557,798,212,1953,1796,2600,721,26526,19271
8060,2557,799,212,1953,1795,2599,721,26518,19293
8070,2557,798,212,1953,1795,2599,721,26534,19296
8080,2557,798,212,1953,1795,2599,721,26534,19272
8090,2557,798,212,1953,1795,2599,721,26534,19296
8100,2557,798,212,1953,1795,2599,721,26518,19285
8110,2557,798,212,1953,1795,2599,721,26550,19283
8120,2557,798,212,1953,1795,2599,721,26518,19269
8130,2556,798,212,1953,1795,2599,721,26534,19272
8140,2557,798,212,1953,1795,2599,721,26502,19283
8150,2556,798,212,1953,1794,2599,721,26550,19283
8160,2556,798,212,1953,1795,2599,721,26494,19265
8170,2556,798,212,1953,1795,2600,721,26534,19280
8180,2557,798,212,1953,1795,2599,721,26526,19279
8190,2557,798,212,1953,1795,2599,721,26526,19287
8200,2557,798,212,1953,1795,2599,721,26494,19297
8210,2557,798,212,1953,1795,2599,721,26510,19292
8220,2556,798,212,1953,1795,2600,721,26542,19282
8230,2556,798,212,1953,1795,2599,721,26534,19304
8240,2556,798,212,1953,1795,2599,721,26542,19290
8250,2557,798,212,1953,1795,2599,721,26542,19314
8260,2557,798,212,1953,1795,2600,721,26518,19301
8270,2556,798,212,1953,1795,2599,721,26526,19295
8280,2556,798,212,1953,1795,2599,721,26518,19277
8290,2557,798,212,1953,1795,2599,721,26558,19301
8300,2556,798,212,1953,1795,2600,721,26534,19296
8310,2557,798,212,1953,1795,2600,721,26518,19261
8320,2557,798,212,1953,1795,2599,721,26518,19277
8330,2556,798,212,1953,1795,2600,721,26550,19283
8340,2556,798,212,1953,1795,2600,721,26526,19287
8350,2556,798,212,1953,1795,2599,721,26502,19275
8360,2556,798,212,1953,1795,2599,721,26526,19303
8370,2556,798,212,1953,1795,2599,721,26526,19287
8380,2556,798,212,1953,1795,2600,721,26534,19280
8390,2556,798,212,1953,1795,2599,721,26534,19272
8400,2557,798,212,1953,1795,2600,721,26518,19245
8410,2556,798,212,1953,1795,2599,721,26534,19288
8420,2557,798,212,1953,1795,2599,721,26550,19275
8430,2556,798,212,1953,1795,2599,721,26566,19294
8440,2556,798,212,1953,1795,2600,721,26534,19296
8450,2556,798,212,1953,1795,2600,721,26534,19280
8460,2556,798,212,1953,1795,2600,721,26542,19298
8470,2556,799,212,1953,1796,2600,721,26542,19298
8480,2557,798,212,1953,1795,2600,721,26542,19290
8490,2556,799,212,1953,1795,2600,722,26542,19290
8500,2556,799,212,1953,1796,2600,721,26526,19287
8510,2556,798,212,1952,1795,2600,721,26542,19298
8520,2556,798,212,1952,1795,2600,721,26526,19279
8530,2556,798,212,1953,1795,2600,721,26510,19292
8540,2556,798,212,1953,1795,2600,721,26526,19303
8550,2556,798,212,1952,1796,2600,721,26534,19280
8560,2556,798,212,1952,1795,2600,721,26518,19269
8570,2556,798,212,1952,1795,2600,721,26518,19285
8580,2556,798,212,1952,1796,2600,721,26558,19285
8590,2556,798,212,1951,1796,2600,722,26526,19279
8600,2556,798,212,1951,1796,2600,722,26510,19268
8610,2556,798,212,1950,1796,2600,722,26510,19276
8620,2556,798,212,1951,1796,2600,721,26518,19293
8630,2556,798,212,1950,1796,2600,722,26526,19287
8640,2556,798,212,1950,1796,2600,722,26518,19269
8650,2556,798,212,1950,1795,2600,722,26542,19290
8660,2556,798,212,1951,1795,2600,722,26518,19261
8670,2556,798,212,1950,1796,2600,722,26486,19264
8680,2556,798,212,1950,1796,2600,722,26510,19268
8690,2556,798,212,1950,1796,2600,722,26534,19296
8700,2556,798,212,1950,1796,2600,722,26550,19283
8710,2556,798,212,1950,1796,2600,722,26526,19263
8720,2556,798,212,1951,1796,2600,722,26534,19280
8730,2556,798,212,1950,1796,2601,722,26518,19293
8740,2555,798,212,1951,1797,2600,722,26526,19295
8750,2556,798,212,1951,1797,2600,722,26534,19296
8760,2556,798,212,1950,1797,2600,722,26494,19305
8770,2556,798,212,1950,1797,2600,722,26534,19272
8780,2556,798,212,1951,1798,2600,723,26534,19280
8790,2556,798,212,1950,1798,2600,723,26526,19287
8800,2556,798,212,1950,1800,2601,724,26526,19295
8810,2556,798,212,1950,1800,2600,724,26550,19291
8820,2556,798,212,1951,1800,2601,724,26518,19285
8830,2556,798,212,1951,1800,2601,724,26510,19260
8840,2556,798,212,1951,1800,2601,723,26518,19285
8850,2556,798,212,1951,1799,2601,723,26526,19303
8860,2556,798,212,1951,1798,2601,724,26526,19279
8870,2556,798,212,1951,1799,2602,725,26526,19295
8880,2556,798,212,1950,1801,2601,726,26526,19263
8890,2556,798,212,1951,1802,2602,725,26526,19295
8900,2556,798,212,1951,1801,2601,724,26566,19294
8910,2556,798,212,1951,1803,2602,727,26534,19288
8920,2555,798,212,1951,1807,2609,746,26510,19260
8930,2556,798,212,1950,1803,2608,738,26526,19279
8940,2555,798,212,1951,1798,2605,731,26558,19293
8950,2555,798,212,1950,1796,2603,728,26542,19282
8960,2554,798,212,1950,1795,2602,726,26526,19287
8970,2554,798,212,1952,1795,2602,725,26502,19259
8980,2552,798,212,1952,1798,2604,726,26526,19287
8990,2549,798,212,1951,1801,2605,726,26518,19253
9000,2548,798,212,1952,1803,2605,726,26542,19282
9010,2547,798,212,1951,1804,2605,726,26526,19255
9020,2546,798,212,1952,1805,2605,726,26510,19252
9030,2546,798,212,1952,1805,2605,726,26526,19271
9040,2546,798,212,1952,1805,2605,727,26534,19264
9050,2546,798,212,1952,1805,2605,727,26558,19277
9060,2546,798,212,1952,1805,2605,727,26534,19280
9070,2546,798,212,1952,1806,2605,727,26502,19259
9080,2546,798,212,1952,1805,2605,727,26526,19271
9090,2546,798,212,1952,1805,2605,727,26526,19271
9100,2546,798,212,1952,1806,2605,727,26518,19261
9110,2546,798,212,1952,1805,2605,727,26534,19264
9120,2546,798,212,1952,1805,2605,727,26558,19261
9130,2546,798,212,1952,1805,2605,727,26510,19260
9140,2546,798,212,1952,1806,2605,727,26502,19275
9150,2546,798,212,1952,1805,2605,727,26526,19247
9160,2546,798,212,1952,1805,2605,727,26542,19274
9170,2546,798,212,1952,1805,2605,727,26534,19248
9180,2546,798,212,1952,1805,2605,727,26518,19229
9190,2546,798,212,1952,1805,2605,727,26534,19280
9200,2546,797,212,1952,1805,2605,727,26518,19277
9210,2546,798,212,1952,1805,2605,727,26518,19269
9220,2546,798,212,1952,1805,2605,727,26542,19274
9230,2546,798,212,1952,1805,2605,727,26534,19272
9240,2546,798,212,1952,1805,2605,727,26542,19258
9250,2546,798,212,1952,1805,2605,727,26566,19286
9260,2546,798,212,1952,1805,2605,727,26510,19252
9270,2546,798,212,1952,1805,2605,727,26510,19236
9280,2546,798,212,1952,1805,2605,727,26518,19253
9290,2547,798,212,1952,1805,2605,727,26510,19252
9300,2546,798,212,1952,1805,2605,727,26510,19260
9310,2546,798,212,1952,1805,2605,727,26494,19225
9320,2546,798,212,1952,1805,2605,727,26534,19272
9330,2547,798,212,1952,1805,2605,727,26502,19251
9340,2546,798,212,1952,1805,2604,727,26550,19267
9350,2547,798,212,1952,1805,2604,727,26494,19257
9360,2547,798,212,1952,1805,2604,727,26534,19280
9370,2547,798,212,1952,1805,2604,727,26550,19275
9380,2547,798,212,1952,1805,2605,727,26534,19256
9390,2547,798,212,1952,1805,2604,727,26526,19263
9400,2548,798,212,1952,1805,2605,727,26542,19258
9410,2547,798,212,1952,1805,2604,727,26526,19239
9420,2547,798,212,1952,1805,2604,727,26494,19273
9430,2548,798,212,1952,1805,2604,727,26502,19259
9440,2548,798,212,1952,1805,2604,727,26526,19255
9450,2548,798,212,1952,1805,2604,727,26550,19251
9460,2548,798,212,1952,1805,2604,727,26534,19264
9470,2548,798,212,1951,1804,2604,727,26542,19266
9480,2548,798,212,1952,1805,2604,727,26534,19232
9490,2548,798,212,1952,1804,2604,727,26518,19245
9500,2548,798,212,1952,1804,2604,727,26534,19256
9510,2548,798,212,1952,1804,2604,727,26510,19236
9520,2548,798,212,1952,1804,2604,727,26510,19268
9530,2548,798,212,1952,1804,2604,727,26550,19275
9540,2548,798,212,1952,1804,2604,727,26518,19253
9550,2548,798,212,1952,1804,2604,727,26518,19277
9560,2548,798,212,1952,1804,2604,727,26494,19265
9570,2548,798,212,1952,1804,2604,727,26542,19290
9580,2548,798,212,1952,1804,2604,727,26518,19269
9590,2548,798,212,1952,1804,2604,727,26534,19288
9600,2548,798,212,1952,1804,2604,727,26526,19247
9610,2548,798,212,1952,1804,2604,727,26542,19274
9620,2548,798,212,1952,1804,2604,727,26542,19274
9630,2548,798,212,1952,1804,2604,727,26510,19260
9640,2548,798,212,1952,1804,2604,727,26502,19259
9650,2548,798,212,1952,1804,2604,727,26518,19253
9660,2548,798,212,1952,1804,2604,727,26526,19279
9670,2548,798,212,1952,1804,2604,727,26510,19260
9680,2548,798,212,1952,1804,2604,727,26502,19251
9690,2548,798,212,1952,1804,2604,727,26526,19271
9700,2548,798,212,1952,1804,2604,727,26526,19271
9710,2548,798,212,1952,1804,2604,727,26510,19268
9720,2548,798,212,1952,1804,2604,727,26526,19263
9730,2548,798,212,1952,1804,2604,727,26526,19287
9740,2548,798,212,1952,1804,2604,727,26526,19271
9750,2548,798,212,1952,1804,2604,727,26494,19265
9760,2549,798,212,1952,1804,2604,727,26518,19269
9770,2548,798,212,1952,1804,2604,727,26518,19261
9780,2548,798,212,1952,1804,2604,727,26542,19266
9790,2548,798,212,1952,1804,2604,727,26534,19256
9800,2548,798,212,1952,1804,2604,727,26534,19264
9810,2549,798,212,1952,1804,2604,727,26558,19277
9820,2549,798,212,1952,1804,2603,727,26526,19271
9830,2548,798,212,1952,1804,2603,727,26518,19269
9840,2549,798,212,1952,1804,2603,727,26526,19247
9850,2549,798,212,1952,1804,2603,727,26518,19261
9860,2549,798,212,1952,1804,2604,727,26534,19248
9870,2549,798,212,1952,1804,2603,727,26542,19282
9880,2549,798,212,1952,1804,2603,727,26502,19275
9890,2549,798,212,1952,1804,2603,727,26494,19265
9900,2549,798,212,1952,1804,2603,727,26478,19278
9910,2549,798,212,1952,1804,2603,727,26510,19284
9920,2549,798,212,1952,1804,2604,727,26510,19260
9930,2549,798,212,1952,1804,2603,727,26526,19255
9940,2548,798,212,1952,1804,2603,727,26534,19280
9950,2549,798,212,1952,1804,2603,727,26542,19274
9960,2549,798,212,1952,1804,2603,727,26510,19268
9970,2549,798,212,1952,1804,2603,727,26494,19273
9980,2549,798,212,1952,1804,2603,727,26518,19293
9990,2549,798,212,1952,1804,2603,727,26502,19267
